,year_avg_velocity
0,53.032505584045516
1,38.68494741888417
2,19.01523984251759
3,26.072372268702576
4,16.306711432494083
5,10.571621192893401
6,17.508067622133655
7,22.042663630159037
8,34.400195625765605
9,28.18174527636774
10,27.994358374718818
11,34.91954925244499
12,18.70491297636339
13,47.022982111638775
14,34.599088321348
15,23.435777422135253
16,22.442141417252163
17,19.845584282011753
18,28.95936662789058
19,30.326263307247604
20,23.55576595127818
21,30.317730365200227
22,18.72981393881861
23,20.148066017766222
24,37.000637207203376
25,18.566344367133247
26,54.89448057670615
27,16.83420138888889
28,19.63641443914165
29,19.18828991558077
30,11.470673366918849
31,10.787437537936121
32,39.04459955567233
33,21.43426944842395
34,29.309322436785067
35,20.633805427185507
36,21.668220928813938
37,18.127830204154165
38,51.4599661356436
39,50.05482284967602
40,13.99222403761363
41,18.372583848638044
42,15.989915014052889
43,45.73196471376198
44,44.8398359958156
45,18.62469414432911
46,51.94719995970922
47,35.82369650869267
48,37.89464801889453
49,16.82832065545699
50,15.072800371113027
51,29.384147631133672
52,25.261258283981952
53,34.11548443668923
54,20.2494888606881
55,14.9751300112514
56,11.56294765138922
57,20.631240255202
58,8.303876727298364
59,57.214441487699055
60,13.46584179357022
61,16.66288993779509
62,13.67232851866471
63,14.727808615076158
64,22.62392264170897
65,19.151778421762362
66,60.269797534372465
67,36.39500163466125
68,24.11684600606317
69,28.1501758142978
70,15.240270727580372
71,16.756463153578775
72,15.412631758309594
73,28.84081479162398
74,20.082389822936772
75,58.8259570815102
76,15.01568007966723
77,36.801250322216056
78,22.273049739142696
79,19.4128370505568
80,18.674683516535193
81,39.942078221940214
82,17.57726265035372
83,48.15158988147957
84,9.496805379300621
85,25.561175884799773
86,16.82884323886069
87,23.811053823093474
88,60.92022833310475
89,17.360941093517976
90,49.81257484810405
91,27.679306899499437
92,47.92591563578185
93,20.896456533949454
94,44.13009943050378
95,32.43241680078566
96,15.47920284281998
97,15.47111393110401
98,25.447994651729886
99,31.154032669024353
100,27.01648660951325
101,24.259665582251294
102,25.020328037629877
103,17.799331105636192
104,27.3362467723315
105,39.13207989739484
106,21.72435436474692
107,22.090871979809723
108,30.448761756582847
109,22.55734233996052
110,21.120829367597292
111,21.225329261947607
112,31.99763382913296
113,14.598964071515853
114,20.105975044022426
115,23.93332605851416
116,15.401909722222221
117,44.68817630946401
118,21.420323956570783
119,22.448131782888897
120,29.307358579856153
121,17.823526579313068
122,22.470291813281857
123,23.746140016920474
124,30.766832346305698
125,49.37705315483941
126,27.617041465729155
127,13.42919568375417
128,28.73363583947196
129,28.821585016740087
130,26.873851950398556
131,32.48070351847537
132,56.09593660254567
133,24.10200005201586
134,6.583870910885505
135,27.121136015038402
136,25.8331152092449
137,20.60067902213762
138,8.680068174729021
139,34.08770665891145
140,15.243572035013319
141,36.21114355819883
142,57.03033460174922
143,20.214407957951632
144,11.559653482797518
145,37.094951089599746
146,37.12132949097575
147,24.48417451001128
148,19.995849553434713
149,20.59111592249217
150,18.85866564703875
151,19.702256066612247
152,53.715473908727205
153,15.260814107345176
154,18.646763078116187
155,18.228472658556463
156,26.527022084743372
157,11.014054603383022
158,47.69491883529086
159,32.3644467357586
160,15.059338386221519
161,40.73439081819193
162,28.72054339396503
163,33.79616831065704
164,14.945543815238423
165,27.18325561678349
166,19.964051820568894
167,44.698797468001466
168,22.504243621567987
169,18.90771635413775
170,13.961752679075014
171,15.404882748383825
172,13.403417704539722
173,57.196992696642674
174,17.669393716931545
175,29.333419257614214
176,37.80428843920472
177,19.575752163632604
178,52.763168464053905
179,17.321566526323675
180,42.569050237544836
181,26.45123204523335
182,30.89394211271558
183,18.069737317665645
184,27.24394331930454
185,24.617727736867355
186,13.270941622971279
187,29.81297067296888
188,30.759322999630417
189,29.856107674139874
190,22.688926774233124
191,21.55286459107891
192,26.05007441435167
193,13.669006035681573
194,14.057313698533559
195,24.237309096024926
196,16.469461048382254
197,15.577573392193532
198,25.32831888042865
199,23.899801474806285
200,21.30288064594129
201,22.640012849742117
202,14.15770410321489
203,16.815778328884274
204,21.092991410979966
205,19.41987450648618
206,23.63300125974084
207,20.085805308798648
208,13.790851487591652
209,22.500096544329217
210,28.82458055026102
211,22.943183279279523
212,25.758222309936592
213,12.62018684606665
214,46.439255535300006
215,15.116689579808234
216,28.636623974244472
217,24.029893547010772
218,33.956639082769314
219,29.44759720459673
220,21.6827534795547
221,20.887662363670938
222,25.309199626339538
223,47.05585595489691
224,28.30962043499718
225,26.974291014523406
226,28.834845567112648
227,20.420558002125524
228,14.398583807517632
229,31.1123603179639
230,20.87363843062606
231,33.54461378171763
232,23.15953891020472
233,15.082235247014406
234,9.651350112803158
235,23.82410181758771
236,15.534743352589874
237,21.657327164651576
238,33.04547597645234
239,31.715075144845756
240,20.576173656482986
241,20.207134786865097
242,31.00594404707907
243,37.995157008378165
244,29.7096223352457
245,14.168664868780267
246,36.733999154423834
247,14.72146919065455
248,22.99361037992853
249,28.9293588034796
250,35.81336144599549
251,10.823432212351946
252,17.908836016195075
253,27.271768917421532
254,36.9585866653778
255,11.775495276367739
256,58.43064607554617
257,10.734223416882992
258,22.143481212084534
259,15.923515511312125
260,18.27003669631192
261,18.70432573674563
262,29.963204579103216
263,30.9976125201867
264,15.671417247085872
265,10.949435568097885
266,13.02928958555029
267,33.571305883314004
268,26.638665033072588
269,24.137180326217592
270,23.482827433474778
271,16.544106383950307
272,21.11553286591695
273,10.672592328755249
274,15.835662544883045
275,10.390774816694867
276,33.775360881979694
277,17.98455124417739
278,30.512908036199182
279,20.90128131055321
280,15.986179319533399
281,17.382795177874964
282,21.835984717905355
283,15.008918131803027
284,20.072713973491258
285,16.051457628313592
286,25.829631119075632
287,63.93241284193457
288,16.98990988045578
289,16.36114053355054
290,15.330832748714302
291,32.3616667100419
292,29.06574249697888
293,28.25928084216949
294,19.86582687730784
295,34.47973729201917
296,11.95902513395375
297,14.725997165307714
298,12.526795156514382
299,28.446224210494936
300,10.691723143119834
301,22.488779733897736
302,53.64822201801436
303,6.822317399887197
304,20.867384947697726
305,21.67320560427352
306,18.106102772910113
307,26.06470538987592
308,18.835862591652567
309,13.800007483949784
310,13.91814853562787
311,18.35934195219966
312,14.508754661375026
313,15.687478880390096
314,35.867914508576455
315,17.418186977362808
316,18.118306718838127
317,13.946462563451776
318,21.444003699529123
319,25.892316182454426
320,15.909583438673197
321,17.250952645875746
322,16.904595436918083
323,29.38036164844769
324,19.898016110423992
325,26.08280860483478
326,18.50741588336495
327,20.58413211329805
328,31.391771509092
329,17.25167754593369
330,56.70283182986497
331,17.445207605507168
332,27.252425708544838
333,49.55787095846057
334,23.836215101522843
335,23.179451759024253
336,20.376958632966723
337,25.71305255922166
338,28.57804749688387
339,18.833865157642137
340,18.406038494077833
341,60.261907578590424
342,30.398539227411966
343,33.96421791588729
344,17.532580195479117
345,18.41318777679254
346,50.983126705404196
347,21.399962105188944
348,67.81320746390078
349,30.7175405064479
350,30.1003905509867
351,32.02398048224452
352,19.048774146926114
353,16.914805937808445
354,15.664064287937636
355,30.344413159193458
356,36.312569994208374
357,11.621726064579809
358,26.25610282712916
359,25.209530007953504
360,41.24277982157768
361,7.401336893683023
362,39.0786249340421
363,19.93358321601364
364,27.46509721113744
365,15.001915881678134
366,16.522851452340664
367,19.272538599830796
368,28.408285744500844
369,18.735412700930627
370,25.92207234442335
371,29.692525047134424
372,15.031511727390622
373,36.70113043615661
374,17.915723293969272
375,22.45751815425832
376,28.19594350213461
377,35.94581702975184
378,19.72415922781336
379,13.093877784827976
380,29.991173479023185
381,10.06195801607445
382,20.2161628047558
383,29.947919029068018
384,29.8644467357586
385,21.916698367597018
386,27.8278385900335
387,31.926865854709753
388,30.130139410596612
389,21.15795967287084
390,20.16556202242486
391,25.25585492129253
392,26.894094149809536
393,18.79536045975962
394,29.498284160788288
395,60.27654530998011
396,29.17697537718556
397,59.58742672510895
398,13.356034968979131
399,36.61439385927806
400,33.44778596433757
401,66.77807756607908
402,8.783554533276932
403,46.6592068658733
404,27.681351129711516
405,34.56608075498526
406,20.836275220119006
407,29.50155059590692
408,31.209453748432985
409,22.024329351693037
410,21.81918147130666
411,18.522636800853128
412,12.683387965047958
413,16.459649578165482
414,14.828578017353676
415,34.84360011445555
416,33.08340086616908
417,62.39299391624421
418,21.93732815143824
419,15.215253930003106
420,30.891003948110548
421,15.950154622395834
422,26.70770914730754
423,14.96859005165853
424,25.28136456570784
425,26.078271499005538
426,10.328934881960143
427,7.170303734157022
428,20.822178263484055
429,30.918991273900446
430,13.456665992198928
431,14.027022590357506
432,25.390155940693244
433,12.972204596728709
434,14.900536299962077
435,19.472804347606814
436,26.729025662718556
437,26.751117523417122
438,31.899477455754504
439,26.946052323205283
440,16.005891321206995
441,34.87014417653694
442,81.71097442058944
443,20.60358502538071
444,54.201960082250466
445,45.56104313419555
446,16.36449996939636
447,18.300116059743814
448,28.559721781584884
449,29.486190253707964
450,18.744192399887197
451,38.61225588175112
452,30.571652334420882
453,7.495286518748843
454,25.07757512419088
455,38.918049269588536
456,19.785655736519804
457,16.7434273970981
458,39.32884716328698
459,25.159223832992666
460,16.93941362470271
461,21.997651097469255
462,8.217176924703892
463,17.147045086012408
464,19.06788665805909
465,16.215290996897913
466,11.11333632966723
467,10.865843556119572
468,17.555066448110548
469,35.43755728285392
470,37.62600685631698
471,29.284312429498026
472,28.01215862999242
473,19.12388959390863
474,22.518809035075833
475,18.350396592537695
476,19.89445279159589
477,26.217441741719597
478,18.607844486656123
479,15.661795446715379
480,22.62674932592815
481,16.22168861212733
482,16.567078221940214
483,20.072733354649163
484,12.506599409057134
485,23.113522348334005
486,42.62853120480025
487,50.39797527831756
488,23.4420636215253
489,20.50626147378318
490,16.18045861103813
491,16.22905907628231
492,17.146745405288584
493,18.230147084743372
494,25.560682345162792
495,31.698787725785326
496,26.269078989991748
497,19.757774701578363
498,34.78948681998643
499,27.699795984912576
500,19.543067893401016
501,45.647752799492935
502,29.691047208025438
503,14.767534728246561
504,31.892910522185538
505,26.961159836822354
506,15.337528192183424
507,67.43129314114935
508,19.948430680448702
509,12.034484245786544
510,16.951656328643438
511,25.037896639871786
512,23.160501694181715
513,17.862529877276994
514,20.646564670827384
515,23.48702197819864
516,13.920718326988156
517,20.59305432659048
518,31.05135187535251
519,22.734294923630664
520,19.572252870614555
521,9.008518892429134
522,13.969497282627405
523,17.60458677822227
524,18.337247939951595
525,22.466433392227266
526,19.280962565895937
527,14.937378824732093
528,12.886045009486097
529,27.950696756929847
530,74.0191016285956
531,20.774870324390324
532,19.203087076788492
533,16.226408711544753
534,30.2546421143542
535,26.67732986217828
536,37.11385849351878
537,19.10029731143751
538,15.796202991483444
539,10.103284084924654
540,26.6107872211523
541,13.334628807106599
542,22.480600941201352
543,28.141994956113898
544,16.402075475444246
545,16.591586089846917
546,15.413772157001011
547,11.840868231810491
548,14.660529143650251
549,15.178625572621991
550,41.12904284757473
551,34.077276876399026
552,15.455160744500846
553,13.33630763536379
554,28.486639875916527
555,65.86177597433178
556,39.28841738800376
557,21.666906805409596
558,34.72620004136483
559,22.837237380146643
560,25.607502626955878
561,32.854954512456814
562,24.851910883198332
563,15.289158112708284
564,18.94661243608693
565,28.773152234657832
566,15.986404096212887
567,13.383815797654101
568,37.46807714162139
569,34.59110120159048
570,23.942164146221096
571,26.512551554568528
572,0.0
573,18.983686678435127
574,7.084624400733221
575,27.207529596198565
576,18.828673593485618
577,15.277790986140166
578,31.135394165761983
579,17.611979519520784
580,44.53474995139219
581,24.22462678964166
582,17.89807647644835
583,14.805633581498217
584,19.326177382966723
585,24.952331861398076
586,18.542814526931753
587,23.677794777600695
588,45.86613742335664
589,24.91555308488823
590,22.3767866251903
591,22.76565584461365
592,16.778621581067355
593,32.81229997044287
594,16.508610197735315
595,33.94294407430908
596,30.19723055474313
597,28.689608858455994
598,58.89045112037551
599,17.721184598747378
600,17.68906997276173
601,25.153663157609916
602,33.36374867843224
603,17.747394279914595
604,15.74350672042511
605,27.3610089297222
606,42.81406688743974
607,16.95067423881277
608,16.010018339549763
609,37.138505388099595
610,31.932698825894274
611,26.439227298364354
612,53.52105841983595
613,56.44982444560938
614,26.83312811423881
615,25.116679962381966
616,59.01676625931122
617,19.402632367456288
618,17.6024834320361
619,16.216172271573605
620,10.188962915961646
621,23.826062817258883
622,19.353211503478004
623,26.876976658648445
624,18.5808739487357
625,18.082456456424822
626,19.677383625097214
627,17.73956039351255
628,18.453277422221312
629,29.766233079526227
630,20.773695690243244
631,23.75191142797067
632,54.74629354288668
633,17.44748716359749
634,33.16815161449521
635,59.5413853042353
636,14.323610190678234
637,33.96916199591089
638,19.335263324873097
639,20.48415135073245
640,20.324597754050835
641,23.649023547659336
642,14.564792620147344
643,22.025764004900438
644,64.45512328172093
645,13.298663987591652
646,15.091881697687535
647,23.728329739729293
648,31.125350835964763
649,15.515655848916747
650,34.45417109627678
651,30.688443445850076
652,15.318371875502603
653,16.573734036019072
654,23.030633632705094
655,45.74814236937306
656,20.11059825916581
657,30.93196991104496
658,15.008929958870635
659,36.481931665961646
660,36.648569252285256
661,29.76541890307328
662,60.11340171955967
663,14.607118480701738
664,25.238754935138182
665,15.545572032379821
666,9.800984015252316
667,54.79923247860706
668,28.629903708348756
669,39.61827676926907
670,17.377349431811922
671,18.362019237124578
672,35.27178956799364
673,20.09220937007037
674,19.617549993059963
675,14.969225888324873
676,31.92971088303998
677,37.486586052754205
678,26.552721788435417
679,49.00148751247554
680,28.023937623378455
681,33.21929639029893
682,17.98545853969275
683,18.424987659572682
684,28.214171261687905
685,24.426111624729007
686,23.546890280304556
687,25.74144450110765
688,19.015276358615726
689,6.63153024534687
690,20.657294310490695
691,22.655527350462833
692,15.937277818089209
693,17.006914862790353
694,11.957121580654258
695,29.49303777084738
696,30.448701001128033
697,52.88733931711953
698,11.340238120417371
699,10.907994923857869
700,39.631815811905966
701,19.765542982933013
702,23.35221473147354
703,27.039644102558064
704,24.514712983985035
705,16.339731408994343
706,25.966155399122417
707,64.67970769014052
708,51.30899200181267
709,67.54614448870096
710,28.2954230999718
711,27.138042004580424
712,10.180872359386084
713,24.533838159138377
714,17.917506080795263
715,22.062541309750422
716,17.137079752036158
717,29.724213902989284
718,18.733286092191246
719,48.46956397420729
720,19.985474390157925
721,16.066005676665416
722,12.568331407008033
723,28.813476011703326
724,27.617272008561308
725,19.907314139170897
726,65.9911280770256
727,34.91470373490404
728,21.053442699520588
729,52.691673085169136
730,25.744097692981253
731,15.694345301043429
732,18.162064627073473
733,24.04772543006204
734,31.21848605651339
735,15.603262908298689
736,20.255628191006096
737,13.829656253476903
738,17.629481281725887
739,11.308917618443317
740,16.49541649815731
741,27.440789357727017
742,14.710696410272194
743,34.88636183375635
744,15.054597141375599
745,21.377925831923292
746,9.369320184715171
747,13.62196536852153
748,30.612376906410557
749,27.883673945995486
750,32.67478760850006
751,15.584868429477647
752,20.45377636224754
753,19.700099082297008
754,21.74934141930388
755,20.986875139248284
756,22.521263423775522
757,28.12556917090505
758,29.85680931594771
759,18.39904112581876
760,19.46167780945547
761,25.371389149140317
762,22.78256530245347
763,20.473708043579858
764,20.847300712899575
765,33.60063710134714
766,46.867647871349874
767,33.30095182914756
768,29.464931421339074
769,20.99424785392404
770,24.764302502765
771,34.63310079902696
772,24.466128732817896
773,18.957608020177886
774,19.198185279015693
775,15.987674809954493
776,20.231857816176568
777,44.44885783187427
778,18.35474167687706
779,7.0527354765933445
780,29.1239975500564
781,29.585494659475465
782,29.43709531075122
783,20.261208854283712
784,17.60016347645234
785,25.497206845528247
786,16.14489396682111
787,23.530075701494642
788,27.259393424148687
789,22.24795142365793
790,13.998343203609702
791,18.14869967921602
792,19.355459937253244
793,42.53531839937661
794,23.005721142247648
795,16.436629741257754
796,26.33404497124015
797,17.018949518348965
798,56.2825586928934
799,17.149680097292723
800,22.268444455012855
801,7.165693740285324
802,14.56309625245862
803,34.02906359969998
804,39.36004249671725
805,17.306974407783418
806,24.59279914421344
807,61.51828433239588
808,23.23639398393023
809,33.29223777826937
810,25.243713452058934
811,18.95475224700945
812,46.03224273354605
813,34.24672386139312
814,8.806604272419628
815,53.96616378586237
816,20.31997104909416
817,26.03879385322618
818,27.052053663465713
819,18.371904488276844
820,25.377273800543858
821,24.807362702225
822,27.361009824766793
823,19.351529008980464
824,37.397096267071944
825,26.051504329847067
826,32.692212616328256
827,21.87019370520646
828,14.011486498837543
829,14.424086115149139
830,48.58077397053348
831,22.566529546695715
832,22.52808071164445
833,16.717422734931304
834,27.7653778342964
835,22.53345555339368
836,30.001161548423013
837,11.642904805518514
838,22.42069881673728
839,42.00501097600069
840,21.58090344647936
841,24.47878197822205
842,25.319239543779247
843,13.887221076565144
844,19.681187870135364
845,21.669788001286935
846,28.823998607758135
847,71.75625484701072
848,17.261026493251087
849,14.296812355484724
850,26.063090454032714
851,18.866649922447827
852,25.289752897810143
853,20.63667077905232
854,12.813557323062078
855,13.812770940325587
856,25.66844095056903
857,20.89303086695534
858,29.18766744218838
859,45.97325773717856
860,37.1626390563655
861,45.62959342909209
862,39.17464583429723
863,28.45188786333991
864,13.99162351432925
865,38.87103260726627
866,17.041580742385786
867,16.14139843901469
868,17.691025563437456
869,21.524611303648975
870,13.44098806623275
871,18.36384169422027
872,25.097519880489514
873,18.70246845036661
874,22.760785377704686
875,18.486823971098048
876,16.889946431409015
877,18.438591407909275
878,32.240244289340104
879,23.046579902076612
880,19.441887435439746
881,21.147234667645158
882,19.52214644981251
883,26.32276819253869
884,26.662641027184844
885,14.300197405527355
886,34.68057008281779
887,27.354727459437957
888,31.078688525239155
889,25.419406454104593
890,39.5635015807176
891,18.49431864420573
892,29.62139474747212
893,42.10183417185242
894,21.13208918778559
895,21.035292395749337
896,13.51080663071066
897,20.307852003309463
898,18.08387838106537
899,14.249655952173912
900,19.711726929330585
901,27.90151337668241
902,12.819092390702663
903,17.246426431190073
904,14.57415572466046
905,22.64923285039481
906,61.42187460411489
907,28.299330232107096
908,29.14516631426007
909,18.21476663846588
910,14.962812407569434
911,30.79061470096285
912,25.170348200230563
913,48.36310360086078
914,20.242879227467736
915,14.13095521362098
916,34.723681170726586
917,13.512596504740706
918,29.28293919872579
919,18.492077409515122
920,75.35647123436839
921,14.705166921599464
922,18.24635968151835
923,21.800849432603695
924,30.111282000081793
925,21.444374803090188
926,14.811928443026556
927,27.018844281759762
928,16.419929127873367
929,23.38848086904148
930,21.448888241874922
931,45.92893793457858
932,32.17050902425268
933,15.559233196966405
934,55.64774706776507
935,19.683496809785673
936,38.45537223321062
937,29.991062162155092
938,35.02410021167116
939,14.093597984421542
940,25.375099143401016
941,19.332830116026695
942,14.713449132825719
943,34.403418104727926
944,24.0549937429498
945,16.980514917949197
946,31.168947752357134
947,13.859445501974056
948,20.136656135606415
949,20.776645993890565
950,55.3781768489005
951,13.898311470836418
952,31.225454370248002
953,23.69569190423904
954,21.508901640176102
955,35.22433524177495
956,22.421883812746756
957,11.417812323745064
958,10.274138113367174
959,30.94143618665976
960,20.888470287721034
961,21.32938301959955
962,14.463127467569091
963,18.298864378609096
964,43.94720072566085
965,14.660074708425453
966,37.84067880939241
967,22.902369568594015
968,23.5275447434513
969,31.047232746741763
970,24.614337906081733
971,11.629269775803722
972,15.573165650429594
973,15.830068210659899
974,26.015029580191037
975,44.21127899393683
976,30.295726571725844
977,31.048225553440496
978,47.350613374059236
979,17.23936207228573
980,33.451170420552536
981,58.84347460166385
982,26.140902123878853
983,19.173124701709177
984,15.315895994974944
985,25.241856509927835
986,54.680290553506595
987,25.352661890157925
988,57.58199436383535
989,18.810131613036972
990,51.139699954201255
991,45.66763134400722
992,26.69578921882298
993,31.724953812256548
994,54.94089375090881
995,54.22790588447756
996,37.65838995695248
997,65.16769593352325
998,33.81546941370999
999,25.222545376351103
1000,29.994238606564284
1001,29.310174183595404
1002,16.380631345177665
1003,33.50663856725806
1004,17.811768542019177
1005,18.851241643725984
1006,16.538625326656852
1007,20.48638234404743
1008,31.0687790820643
1009,48.82613697686709
1010,36.457522663906076
1011,46.811966828821205
1012,16.193739424703892
1013,16.383057406576622
1014,21.508159824635978
1015,28.27075215967375
1016,22.01175657854333
1017,29.05630552116519
1018,58.111602688534944
1019,58.07582064745323
1020,39.964254595503185
1021,20.192734952303763
1022,30.35137082275804
1023,18.21083522179136
1024,15.731639511357978
1025,14.13767810225554
1026,9.870515201566452
1027,21.538241460104146
1028,29.446321004403895
1029,16.541430374894247
1030,16.027640278703803
1031,15.790675232656515
1032,23.667776250866126
1033,25.504609057947665
1034,15.147223544134235
1035,35.680100446895764
1036,33.52580189368715
1037,22.061621380336394
1038,26.772183663012683
1039,17.37949447502743
1040,29.358967350219107
1041,23.873166948674562
1042,33.981755806911615
1043,57.512493686493144
1044,13.9250846299087
1045,26.204440414334044
1046,13.748589960518894
1047,23.40399067077809
1048,15.529634582209708
1049,17.692684167129336
1050,31.466249383107726
1051,17.23216898187163
1052,16.57363354359652
1053,37.602586474044806
1054,29.596118399872324
1055,21.19184478742553
1056,15.60278747179921
1057,9.826568268949677
1058,17.521606290400936
1059,29.841706066701754
1060,18.813887831187156
1061,16.921021050002974
1062,16.015358414410603
1063,13.349212921882712
1064,27.483427040199068
1065,22.30836682177101
1066,34.93990587986464
1067,43.06136880133425
1068,20.08859281330141
1069,30.967614123865634
1070,26.028924437478242
1071,16.558267669763797
1072,9.761497073703342
1073,17.234894095741957
1074,45.98167541641605
1075,13.555727821517918
1076,30.318212863085165
1077,19.36202102721376
1078,19.60926064729556
1079,25.28924315700542
1080,19.414338636317634
1081,13.927350893574653
1082,63.82951872212969
1083,31.06164516356458
1084,18.85583870893673
1085,24.19006486216038
1086,28.1824480929216
1087,24.644872597631466
1088,14.083562062409257
1089,22.096627602789674
1090,21.966010083469104
1091,14.347773018894529
1092,16.03985267376671
1093,19.474982815143825
1094,30.45091288868344
1095,36.810826266612025
1096,78.26390363991227
1097,17.340109935401188
1098,21.434522629859956
1099,35.83591057120644
1100,20.383828603676733
1101,44.95219821574926
1102,8.602474612834692
1103,51.07037210652738
1104,11.927563628031585
1105,29.13332687954545
1106,18.080862323913745
1107,24.055308140272214
1108,17.864125406143696
1109,23.780795080676565
1110,28.594047352747264
1111,16.91115429357022
1112,13.722249985816985
1113,31.29068095147509
1114,28.975833447451517
1115,23.818986366646342
1116,17.940855453327693
1117,15.23643949565683
1118,37.254741257755214
1119,18.08035729285088
1120,31.552880366239854
1121,14.556432423857869
1122,19.578667693936886
1123,30.582284616469263
1124,18.082157692261088
1125,13.804872087886356
1126,27.733008912372107
1127,17.61283727130578
1128,42.59038658593915
1129,17.331901261985337
1130,66.40083176149733
1131,15.528872324797774
1132,16.100950014100395
1133,17.029279070927878
1134,42.256168922729834
1135,53.95065477159288
1136,16.70943882958874
1137,37.37359863556648
1138,17.71587124828289
1139,17.36365884263436
1140,47.04074520104629
1141,21.666712008420856
1142,16.507102112143443
1143,16.085330154152153
1144,16.450205769030575
1145,23.55066401206768
1146,67.27866872582003
1147,27.78377659900405
1148,24.231321624222275
1149,28.647351948608467
1150,29.36971366008795
1151,33.529218661872534
1152,33.10622130177213
1153,118.86007341018049
1154,20.08146627031338
1155,23.898581800121946
1156,26.650986673061418
1157,18.019261927639636
1158,52.3219015483996
1159,19.19143268824027
1160,25.48959188359105
1161,48.78602450349811
1162,25.510378881154328
1163,20.104722282809856
1164,20.350370111266436
1165,11.644269072935531
1166,15.309179797659334
1167,14.778782430908066
1168,24.393628459829298
1169,24.95931154822335
1170,29.07395657078398
1171,26.43913846949165
1172,20.50114880694687
1173,23.043310583881652
1174,49.15754729828724
1175,16.836596515309118
1176,28.030578359398408
1177,19.067992544416242
1178,23.613697652284262
1179,27.920006258771437
1180,45.264948604474014
1181,34.33251595107163
1182,14.356717109142288
1183,15.599002397067117
1184,40.341145643996974
1185,39.025244113085165
1186,17.390329359886138
1187,57.21207339764986
1188,11.529501582025741
1189,15.45849152170731
1190,63.453377944765556
1191,32.72458844472645
1192,13.314470053391476
1193,23.497609542442188
1194,19.508150362121274
1195,28.894872300717633
1196,11.99790392174804
1197,27.578655507560512
1198,13.863887190886022
1199,21.77952166028569
1200,17.201042992881778
1201,20.366252884109077
1202,20.740455795262267
1203,25.213092255309956
1204,23.457096661407935
1205,40.523760628310285
1206,13.508131966373037
1207,20.218484305152096
1208,20.481169662432556
1209,18.566553398773486
1210,14.307133037225043
1211,31.950502459100594
1212,36.83338537501267
1213,23.47557459453103
1214,16.342968740102872
1215,42.881807614502364
1216,23.038498923123655
1217,26.973266532712916
1218,25.284258274997082
1219,16.115763397991355
1220,6.967775331939336
1221,22.36420321047676
1222,31.77338462351946
1223,18.984696290887015
1224,14.32057436724134
1225,24.040362380146643
1226,15.394959087769863
1227,13.343802874328992
1228,15.883838305013434
1229,10.977283848925492
1230,10.662429093104329
1231,22.736772734098224
1232,14.822196332196764
1233,30.776283797744433
1234,27.20858857165066
1235,29.288182537769504
1236,46.72495946652864
1237,20.63830677426204
1238,48.16040521009588
1239,27.881323709504052
1240,14.03142939189431
1241,58.70710508257268
1242,31.029130534404963
1243,19.02834222388012
1244,37.0284924278539
1245,19.91702358291032
1246,31.722821489001692
1247,64.94879609961599
1248,15.835227066960902
1249,16.573709344837
1250,17.940711163963496
1251,23.795876078597583
1252,18.49671108549218
1253,17.31398450891244
1254,21.056395821697755
1255,49.979751720310134
1256,17.570458273933355
1257,16.010299955863974
1258,23.156282471185072
1259,26.168546126914844
1260,38.26295432463515
1261,30.92785295119611
1262,17.525657548382668
1263,61.48542044650883
1264,9.593842533840947
1265,10.099061485071068
1266,14.699271639389838
1267,16.140442570117795
1268,41.40235103084351
1269,25.098223303780337
1270,22.58040529822335
1271,23.92409719778062
1272,17.345468485617598
1273,16.90439143775213
1274,22.18185374028119
1275,13.434643854613501
1276,42.17037504296214
1277,17.25538458826847
1278,35.35512446765502
1279,11.428537436548224
1280,33.131030767433266
1281,24.775792706570783
1282,43.56814780022825
1283,25.182255929429452
1284,22.936854001565365
1285,35.93977454928309
1286,14.740395863850912
1287,16.846795914204055
1288,61.63790783395353
1289,20.01464252934507
1290,22.55983378264572
1291,15.157774605188946
1292,18.74490402918782
1293,29.951473888003484
1294,19.877753380927675
1295,18.008436858149754
1296,45.5008639848239
1297,24.91290688555051
1298,16.71276345981828
1299,18.028462798865718
1300,20.080159152354216
1301,16.694867456288776
1302,25.004681169280747
1303,27.290266563041158
1304,19.59771573604061
1305,9.606178173962382
1306,49.65282995715628
1307,33.64347523077692
1308,8.569543163990208
1309,40.62127000493514
1310,24.958276050479412
1311,18.5557731933938
1312,15.10233054938319
1313,17.00151138606881
1314,15.648049190497574
1315,29.010181089208682
1316,23.262785070842092
1317,22.25473024612487
1318,24.235607794833196
1319,29.683978094196696
1320,14.925743795826284
1321,32.70732508711538
1322,19.81006372304401
1323,26.89271059159969
1324,24.43209285058346
1325,20.103244379154383
1326,30.694468679498026
1327,18.53690811475656
1328,21.001376991680768
1329,24.07542168993232
1330,36.84467057918198
1331,31.662295182814923
1332,21.64290383086659
1333,47.98027801083362
1334,13.208236393119007
1335,11.84121589639129
1336,30.966955667959386
1337,45.87918218192043
1338,35.90493249435984
1339,25.911669421854896
1340,29.629404170191766
1341,35.664103749507035
1342,17.689286039968835
1343,27.879128771855612
1344,13.682044909757472
1345,12.34597137804026
1346,28.333438178340526
1347,35.23514422197767
1348,49.99635924260225
1349,21.234525815013836
1350,36.27454325013825
1351,17.497087800294345
1352,15.626116053908811
1353,16.901859018806675
1354,17.708035903130288
1355,33.41007252890581
1356,34.997600721089235
1357,22.931269388042864
1358,18.768973843767625
1359,22.966313800499794
1360,29.815249959963968
1361,16.443688856835966
1362,17.04084420889969
1363,15.168474140371634
1364,38.1622689597296
1365,19.516299175126903
1366,35.27908684073769
1367,23.82440535819134
1368,15.070698057670615
1369,23.16861424927515
1370,37.92555431316481
1371,18.50086321026608
1372,15.997926371015536
1373,51.50531535140552
1374,26.62954533765764
1375,19.02409413139227
1376,20.662937162155092
1377,22.278808869148335
1378,23.966685614072194
1379,15.704585288919706
1380,24.90891474999752
1381,20.862704432488027
1382,19.447980296591616
1383,18.398619293023554
1384,24.89369591090616
1385,63.152084101006196
1386,43.18356510857304
1387,21.918378848244224
1388,37.704962668550664
1389,33.393878865766446
1390,17.121666156835495
1391,26.43389833195359
1392,15.063869936749953
1393,16.948044451494642
1394,32.539139301710996
1395,23.271108731669486
1396,17.221058967620454
1397,24.08090564966605
1398,14.784455636632826
1399,20.83412077032908
1400,16.29870958538023
1401,18.434828487682395
1402,21.363270694498148
1403,24.63434998006116
1404,21.81025274957699
1405,20.28392574871857
1406,26.54859550807413
1407,24.73893193881255
1408,16.364603174922834
1409,20.28664119782854
1410,18.347325378263058
1411,32.41801281373378
1412,39.902613433820676
1413,23.34084179357022
1414,41.0533408451672
1415,24.571121069514945
1416,20.27602577101895
1417,31.611406751224973
1418,14.961580830513254
1419,21.81612424210378
1420,19.203019247038917
1421,17.361948322053017
1422,54.89058350091322
1423,30.626096588840475
1424,30.91711611675127
1425,21.089284144884036
1426,47.01284321001271
1427,28.100791604116818
1428,62.07572297571207
1429,15.656717075578117
1430,49.555601417984725
1431,21.38821189523214
1432,40.39643123172732
1433,27.738990654598435
1434,32.99002357478607
1435,39.704987820164334
1436,20.911443263880628
1437,24.993675963460426
1438,17.778187570501974
1439,28.92336425092754
1440,34.91466663788754
1441,24.102873662872227
1442,19.9092821206202
1443,19.388122179921037
1444,38.06910574752197
1445,28.71303159882642
1446,21.54544038982359
1447,84.70787460576729
1448,42.6863129298968
1449,28.59195880922166
1450,30.695017272983645
1451,31.08123856752657
1452,23.97444877473903
1453,29.627749292983623
1454,23.938740144526292
1455,39.53831043017495
1456,11.629640289840225
1457,61.895133597798356
1458,13.69665203750705
1459,14.774673487732656
1460,19.099683108601408
1461,49.19538202947368
1462,47.866029923337365
1463,30.811106949153757
1464,19.766038755878377
1465,23.57973598990142
1466,21.015899090194058
1467,20.134993659125435
1468,50.174818457416805
1469,15.028266059027779
1470,25.53149000104376
1471,33.40835849269258
1472,18.872677725045882
1473,16.30884137613519
1474,33.24577428793006
1475,28.02106714652073
1476,15.745842984754086
1477,24.76390432840811
1478,42.391265309737754
1479,25.00252362986574
1480,15.377763680395136
1481,8.310394231169088
1482,19.7186441028851
1483,34.87434828704989
1484,32.494585793501095
1485,35.59539846559063
1486,25.414726829636386
1487,15.859936812605753
1488,19.04952759589439
1489,22.98335051818951
1490,25.115625436334238
1491,15.631683145212172
1492,18.179462755593754
1493,51.64695598604447
1494,23.709507089648216
1495,25.051165047703122
1496,25.86228445863159
1497,29.68944957924642
1498,13.924257126758143
1499,30.841683410885505
1500,29.053645315240214
1501,19.879925088296147
1502,30.147563329740763
1503,44.68692952095286
1504,22.88666522375151
1505,47.76732845058968
1506,73.33595314606798
1507,33.867016839093566
1508,21.779106066984035
1509,23.521494108609943
1510,21.823363565013562
1511,32.204858907924425
1512,12.92551251931575
1513,27.735168448425053
1514,28.251172839754798
1515,18.367443069655952
1516,17.332048572125036
1517,37.8756798035804
1518,14.916130853385086
1519,15.562094224218722
1520,51.13751177672135
1521,19.021146185843204
1522,16.938836880343416
1523,21.326462936616522
1524,12.27570155510039
1525,20.69050814160101
1526,18.828267751006305
1527,45.35141253699977
1528,37.57212919094303
1529,17.214954772105813
1530,20.522666163049173
1531,23.451725094317045
1532,40.4752594269539
1533,39.146072628668854
1534,15.38004529751833
1535,33.866337069937956
1536,18.863673709841414
1537,22.31679209167515
1538,16.650105273595855
1539,60.72642394021212
1540,39.13828521573604
1541,31.730110723556802
1542,32.44137631334024
1543,17.407578521573605
1544,32.79637793182184
1545,22.645798082346307
1546,48.562508812746756
1547,27.20799624576988
1548,32.23720047074526
1549,19.480215783718947
1550,15.663574233810847
1551,15.856364493846087
1552,22.19655688307881
1553,31.219579882764304
1554,43.50638483502538
1555,26.714782060772702
1556,26.212552655301252
1557,22.02261691623264
1558,18.190972895657215
1559,17.532220589798584
1560,57.87003630645115
1561,18.98123631958765
1562,18.24435538836811
1563,31.161017695995486
1564,28.582747010275664
1565,32.29820674029166
1566,28.476503388329004
1567,25.657968485617598
1568,19.847688376937153
1569,27.790043068685172
1570,23.380721671528825
1571,34.51973565580881
1572,24.78680863141072
1573,15.071583254621046
1574,25.54686478013987
1575,27.639212283991316
1576,21.25149535272193
1577,29.464464100484314
1578,30.215039644278985
1579,28.24343619908711
1580,31.79345073151306
1581,25.281732540915932
1582,26.459017100067914
1583,27.685454474555122
1584,15.060838797236322
1585,24.54825292545325
1586,32.24207627780009
1587,34.08907043147208
1588,4.636086435420192
1589,20.752212158650647
1590,25.624728999431028
1591,27.682915142681125
1592,14.809255073921733
1593,38.94366937025213
1594,52.53579563026837
1595,30.078676532502236
1596,47.64831216793846
1597,56.620987188056304
1598,45.80430299228554
1599,32.29888165555159
1600,23.203832201411746
1601,47.875988051774335
1602,54.3009611281445
1603,13.583639453644814
1604,58.694662301740735
1605,20.403903606175973
1606,50.117321076799236
1607,17.25035775534796
1608,25.06874603426396
1609,15.571266905843236
1610,45.848041282692535
1611,34.76706147772138
1612,29.52409404963339
1613,17.64747564549239
1614,19.64337088492921
1615,20.646934948193444
1616,13.601471363590454
1617,22.42040485913513
1618,16.93374578709395
1619,27.45008177953592
1620,33.97882772446754
1621,32.48764292399088
1622,57.7432870020385
1623,13.752544547229988
1624,22.509725296356148
1625,12.274442153130288
1626,17.17940630538949
1627,33.955819196103995
1628,27.22186089960519
1629,18.362521064530238
1630,16.081535532994923
1631,31.900222730986222
1632,25.14885158936855
1633,48.24512988164206
1634,43.00434997696293
1635,12.512807124224478
1636,17.606515960779422
1637,15.160554656724235
1638,21.7328605458216
1639,17.527963148828153
1640,16.96307018471517
1641,26.10209029230504
1642,56.56699193619902
1643,14.812651606784053
1644,18.673434856175973
1645,17.60358061900733
1646,24.866948389697733
1647,33.33568809238182
1648,15.07742437372353
1649,18.988818827552173
1650,13.307767176318828
1651,25.829185034014447
1652,16.164212798641955
1653,37.23069022189946
1654,23.65821882700826
1655,19.52622893753525
1656,17.160510231530136
1657,17.635824542360258
1658,28.87787938857576
1659,31.023455284708177
1660,22.72833467538385
1661,30.25244856660674
1662,19.203019216917223
1663,30.118261488964514
1664,17.010996967537285
1665,15.63073531880731
1666,23.006026025418166
1667,9.57344543147208
1668,15.646293799351382
1669,16.663383920651267
1670,20.037755003368122
1671,38.14146882050198
1672,16.451067208571416
1673,27.402650027374595
1674,18.022693188662455
1675,12.469102514173375
1676,22.585798157048103
1677,24.216025221771396
1678,14.99547024816695
1679,38.70344666525663
1680,14.83716820998173
1681,28.7174197313682
1682,13.623259482515511
1683,28.64372437160296
1684,24.21364081006768
1685,16.820152437626408
1686,28.0743822333373
1687,17.52774869313162
1688,24.34393254176278
1689,33.54465857697824
1690,18.50282228430045
1691,30.9913494026197
1692,20.551955548505358
1693,17.146109187797983
1694,14.579689221669911
1695,40.41778864809435
1696,9.13110282712916
1697,13.187294705601245
1698,12.35206355069629
1699,21.63748766215454
1700,41.47833821683433
1701,27.146031620135364
1702,15.212508372109419
1703,19.57235983489801
1704,30.30146462945567
1705,23.399882790468133
1706,37.14642284929047
1707,14.98834707880854
1708,43.724526282158266
1709,47.341541709835354
1710,36.74521888694182
1711,22.497197546531304
1712,16.606019951163614
1713,20.098518457644012
1714,25.029573598690646
1715,26.387679339396502
1716,35.3259730330982
1717,23.546581231734205
1718,20.268611737986575
1719,23.728495925412766
1720,57.802883158951104
1721,26.732040405273438
1722,22.147638100389027
1723,23.404323821005953
1724,27.888603356754587
1725,36.590068036126205
1726,31.840264855571473
1727,35.08977664747416
1728,25.455542743508587
1729,24.372605549166312
1730,57.288087159580115
1731,43.68770874333261
1732,19.132305767061478
1733,25.983120835977157
1734,17.09230913526919
1735,11.42336220587974
1736,27.568283640457558
1737,25.794991636841026
1738,17.707062953081902
1739,22.82442048788743
1740,35.543018545461656
1741,27.084899799069373
1742,21.110985964082825
1743,24.869108678793005
1744,45.83437323745065
1745,25.829864338435364
1746,18.421249275616315
1747,23.442653503245843
1748,43.86748713338974
1749,56.74770551015614
1750,49.04249552959651
1751,21.987144698279092
1752,27.969503050931618
1753,31.13832628451292
1754,18.345626676143123
1755,23.49735358120423
1756,19.472331051899094
1757,22.62074967850687
1758,28.065457532853646
1759,20.618024409724978
1760,13.076414907577007
1761,65.96815222209278
1762,16.58292124920892
1763,37.36485385195522
1764,11.855933622391428
1765,18.12160136507382
1766,26.63367238827365
1767,26.326600515297827
1768,17.622543991183534
1769,16.255390317844792
1770,22.348441531143145
1771,26.189946483906823
1772,18.034595259286156
1773,8.987829596728709
1774,20.25287077377156
1775,28.64632905033841
1776,28.734162659276627
1777,17.862980607533547
1778,22.84179709015495
1779,42.757960586849066
1780,55.36793438028765
1781,18.18937357791184
1782,15.767922480497667
1783,12.818913543150375
1784,25.205118440734555
1785,26.504867919474353
1786,16.534374114422224
1787,32.61892801748449
1788,14.999178166182379
1789,31.927144837527376
1790,23.881746157642414
1791,27.51413436777768
1792,22.803817241257754
1793,19.14830067866412
1794,19.404549116208873
1795,14.717741792509937
1796,28.45694662095192
1797,36.05019603714187
1798,15.690200690556164
1799,9.586576424139876
1800,21.799278125881276
1801,26.537223273727495
1802,27.043561041455987
1803,41.81727273922752
1804,16.227715573469528
1805,29.707083295982432
1806,30.89536900743548
1807,16.89433956630339
1808,16.964008210812057
1809,8.444585447316781
1810,32.12938596377989
1811,16.5731964713762
1812,18.546642219556368
1813,27.351947489661548
1814,10.68866768894529
1815,30.744772358661443
1816,27.66463019063899
1817,34.72131230611957
1818,25.964156050232933
1819,58.062357842821356
1820,22.954254460213754
1821,24.739605954724787
1822,23.53376103899806
1823,28.076255200209083
1824,19.465929432636052
1825,13.195919695239382
1826,28.26309757910404
1827,21.707579385205573
1828,31.547978357615204
1829,28.106065021822562
1830,46.664411395267116
1831,72.76888761826982
1832,32.250429182488304
1833,21.853703997461928
1834,17.730282356963613
1835,21.10201579705511
1836,20.875967143016283
1837,34.63098908761633
1838,20.611624922647493
1839,19.07623135888906
1840,13.549035897983781
1841,27.640777019881558
1842,32.741813827488826
1843,11.882860970107163
1844,34.0097923644572
1845,49.40540439801504
1846,11.132951299685647
1847,30.705204403743323
1848,13.364570114213198
1849,24.803843946290165
1850,18.926608703664918
1851,21.99220953186689
1852,26.47779476985512
1853,25.09209960231792
1854,52.21957663392456
1855,46.742821510000816
1856,40.76675353074437
1857,23.32264787789058
1858,53.70364959940558
1859,14.86096609882628
1860,26.35580641417872
1861,39.02834122556115
1862,30.037621615905245
1863,24.90907374950566
1864,25.098574096714113
1865,17.794065936971236
1866,17.456763786578406
1867,31.6240790765701
1868,32.698160312435284
1869,21.92978308043504
1870,14.909365314584765
1871,33.3443612035761
1872,24.06144026720248
1873,35.34677146829862
1874,13.537590771291596
1875,56.726525045826286
